week,lineage,n,Total,freq
2020-03-02,B.1.1,1,1,100
2020-03-09,B.1,10,22,45.45454545454545
2020-03-09,B.1.1,1,22,4.545454545454546
2020-03-09,B.1.111,1,22,4.545454545454546
2020-03-09,B.1.420,1,22,4.545454545454546
2020-03-09,Other,9,22,40.909090909090914
2020-03-16,B.1,16,22,72.72727272727273
2020-03-16,B.1.1,2,22,9.090909090909092
2020-03-16,B.1.111,1,22,4.545454545454546
2020-03-16,B.1.420,1,22,4.545454545454546
2020-03-16,Other,2,22,9.090909090909092
2020-03-23,B.1,11,26,42.30769230769231
2020-03-23,B.1.1,2,26,7.6923076923076925
2020-03-23,B.1.111,6,26,23.076923076923077
2020-03-23,B.1.420,4,26,15.384615384615385
2020-03-23,Other,3,26,11.538461538461538
2020-03-30,B.1,50,75,66.66666666666666
2020-03-30,B.1.1,8,75,10.666666666666668
2020-03-30,B.1.111,7,75,9.333333333333334
2020-03-30,B.1.420,2,75,2.666666666666667
2020-03-30,Other,8,75,10.666666666666668
2020-04-06,B.1,7,9,77.77777777777779
2020-04-06,B.1.1,2,9,22.22222222222222
2020-04-13,B.1,10,17,58.82352941176471
2020-04-13,B.1.1,5,17,29.411764705882355
2020-04-13,B.1.111,1,17,5.88235294117647
2020-04-13,Unassigned,1,17,5.88235294117647
2020-04-20,B.1,9,19,47.368421052631575
2020-04-20,B.1.1,4,19,21.052631578947366
2020-04-20,B.1.111,5,19,26.31578947368421
2020-04-20,Other,1,19,5.263157894736842
2020-04-27,B.1,16,49,32.6530612244898
2020-04-27,B.1.1,4,49,8.16326530612245
2020-04-27,B.1.1.348,3,49,6.122448979591836
2020-04-27,B.1.111,19,49,38.775510204081634
2020-04-27,Other,7,49,14.285714285714285
2020-05-04,B.1,18,32,56.25
2020-05-04,B.1.111,13,32,40.625
2020-05-04,Other,1,32,3.125
2020-05-11,B.1,1,1,100
2020-05-18,Unassigned,1,1,100
2020-05-25,B.1.1,1,3,33.33333333333333
2020-05-25,B.1.111,1,3,33.33333333333333
2020-05-25,B.1.420,1,3,33.33333333333333
2020-06-01,B.1,1,5,20
2020-06-01,B.1.111,2,5,40
2020-06-01,B.1.420,1,5,20
2020-06-01,B.1.625,1,5,20
2020-06-08,B.1,2,3,66.66666666666666
2020-06-08,B.1.111,1,3,33.33333333333333
2020-06-15,B.1,4,11,36.36363636363637
2020-06-15,B.1.111,2,11,18.181818181818183
2020-06-15,B.1.420,2,11,18.181818181818183
2020-06-15,Unassigned,3,11,27.27272727272727
2020-06-22,B.1,9,19,47.368421052631575
2020-06-22,B.1.1,1,19,5.263157894736842
2020-06-22,B.1.111,4,19,21.052631578947366
2020-06-22,B.1.420,4,19,21.052631578947366
2020-06-22,Unassigned,1,19,5.263157894736842
2020-06-29,B.1,3,10,30
2020-06-29,B.1.111,3,10,30
2020-06-29,B.1.420,3,10,30
2020-06-29,Unassigned,1,10,10
2020-07-06,B.1,1,17,5.88235294117647
2020-07-06,B.1.1.348,1,17,5.88235294117647
2020-07-06,B.1.111,7,17,41.17647058823529
2020-07-06,B.1.420,3,17,17.647058823529413
2020-07-06,Other,1,17,5.88235294117647
2020-07-06,Unassigned,4,17,23.52941176470588
2020-07-13,B.1,4,13,30.76923076923077
2020-07-13,B.1.1.348,1,13,7.6923076923076925
2020-07-13,B.1.111,4,13,30.76923076923077
2020-07-13,B.1.420,3,13,23.076923076923077
2020-07-13,Unassigned,1,13,7.6923076923076925
2020-07-20,B.1,2,5,40
2020-07-20,B.1.420,3,5,60
2020-07-27,B.1,2,3,66.66666666666666
2020-07-27,B.1.111,1,3,33.33333333333333
2020-08-03,B.1,8,21,38.095238095238095
2020-08-03,B.1.111,3,21,14.285714285714285
2020-08-03,B.1.420,7,21,33.33333333333333
2020-08-03,Omicron (BA.1),1,21,4.761904761904762
2020-08-03,Unassigned,2,21,9.523809523809524
2020-08-10,B.1.1,1,3,33.33333333333333
2020-08-10,Omicron (BA.1),1,3,33.33333333333333
2020-08-10,Unassigned,1,3,33.33333333333333
2020-08-17,B.1.1,1,7,14.285714285714285
2020-08-17,B.1.111,3,7,42.857142857142854
2020-08-17,B.1.420,1,7,14.285714285714285
2020-08-17,Other,1,7,14.285714285714285
2020-08-17,Unassigned,1,7,14.285714285714285
2020-08-24,B.1.111,1,1,100
2020-08-31,B.1.111,1,2,50
2020-08-31,B.1.420,1,2,50
2020-09-07,B.1,2,15,13.333333333333334
2020-09-07,B.1.111,3,15,20
2020-09-07,B.1.420,1,15,6.666666666666667
2020-09-07,Unassigned,9,15,60
2020-09-14,B.1,2,2,100
2020-09-21,B.1,5,5,100
2020-09-28,B.1,2,4,50
2020-09-28,B.1.111,1,4,25
2020-09-28,B.1.420,1,4,25
2020-10-05,B.1,6,26,23.076923076923077
2020-10-05,B.1.1,1,26,3.8461538461538463
2020-10-05,B.1.111,5,26,19.230769230769234
2020-10-05,B.1.420,7,26,26.923076923076923
2020-10-05,Other,1,26,3.8461538461538463
2020-10-05,Unassigned,6,26,23.076923076923077
2020-10-12,B.1,6,11,54.54545454545454
2020-10-12,B.1.1,1,11,9.090909090909092
2020-10-12,B.1.111,1,11,9.090909090909092
2020-10-12,B.1.420,3,11,27.27272727272727
2020-10-19,B.1,3,13,23.076923076923077
2020-10-19,B.1.1,1,13,7.6923076923076925
2020-10-19,B.1.1.348,1,13,7.6923076923076925
2020-10-19,B.1.111,6,13,46.15384615384615
2020-10-19,B.1.420,2,13,15.384615384615385
2020-10-26,B.1,4,11,36.36363636363637
2020-10-26,B.1.1,1,11,9.090909090909092
2020-10-26,B.1.1.348,1,11,9.090909090909092
2020-10-26,B.1.111,1,11,9.090909090909092
2020-10-26,B.1.420,1,11,9.090909090909092
2020-10-26,Omicron (BA.1),1,11,9.090909090909092
2020-10-26,Other,1,11,9.090909090909092
2020-10-26,Unassigned,1,11,9.090909090909092
2020-11-02,B.1,2,5,40
2020-11-02,B.1.420,2,5,40
2020-11-02,Unassigned,1,5,20
2020-11-09,B.1,5,14,35.714285714285715
2020-11-09,B.1.1.348,1,14,7.142857142857142
2020-11-09,B.1.111,1,14,7.142857142857142
2020-11-09,B.1.420,4,14,28.57142857142857
2020-11-09,Omicron (BA.1),1,14,7.142857142857142
2020-11-09,Other,2,14,14.285714285714285
2020-11-16,B.1,3,10,30
2020-11-16,B.1.111,2,10,20
2020-11-16,B.1.420,1,10,10
2020-11-16,B.1.625,1,10,10
2020-11-16,Omicron (BA.1),1,10,10
2020-11-16,Other,1,10,10
2020-11-16,Unassigned,1,10,10
2020-11-23,B.1,3,12,25
2020-11-23,B.1.1,3,12,25
2020-11-23,B.1.1.348,1,12,8.333333333333332
2020-11-23,B.1.111,2,12,16.666666666666664
2020-11-23,Unassigned,3,12,25
2020-11-30,B.1,1,14,7.142857142857142
2020-11-30,B.1.1,5,14,35.714285714285715
2020-11-30,B.1.1.348,2,14,14.285714285714285
2020-11-30,B.1.111,3,14,21.428571428571427
2020-11-30,Other,2,14,14.285714285714285
2020-11-30,Unassigned,1,14,7.142857142857142
2020-12-07,B.1,3,9,33.33333333333333
2020-12-07,B.1.1,3,9,33.33333333333333
2020-12-07,B.1.111,2,9,22.22222222222222
2020-12-07,Other,1,9,11.11111111111111
2020-12-14,B.1,10,32,31.25
2020-12-14,B.1.1,4,32,12.5
2020-12-14,B.1.1.348,5,32,15.625
2020-12-14,B.1.111,9,32,28.125
2020-12-14,B.1.420,2,32,6.25
2020-12-14,Mu,1,32,3.125
2020-12-14,Other,1,32,3.125
2020-12-21,B.1,3,30,10
2020-12-21,B.1.1,6,30,20
2020-12-21,B.1.1.348,6,30,20
2020-12-21,B.1.111,4,30,13.333333333333334
2020-12-21,B.1.420,3,30,10
2020-12-21,Omicron (BA.1),1,30,3.3333333333333335
2020-12-21,Other,5,30,16.666666666666664
2020-12-21,Unassigned,2,30,6.666666666666667
2020-12-28,B.1,10,59,16.94915254237288
2020-12-28,B.1.1,4,59,6.779661016949152
2020-12-28,B.1.1.348,5,59,8.47457627118644
2020-12-28,B.1.111,26,59,44.06779661016949
2020-12-28,B.1.420,3,59,5.084745762711865
2020-12-28,Other,9,59,15.254237288135593
2020-12-28,Unassigned,2,59,3.389830508474576
2021-01-04,B.1,12,50,24
2021-01-04,B.1.1,2,50,4
2021-01-04,B.1.1.348,6,50,12
2021-01-04,B.1.111,12,50,24
2021-01-04,B.1.420,3,50,6
2021-01-04,Gamma,5,50,10
2021-01-04,Mu,1,50,2
2021-01-04,Omicron (BA.1),2,50,4
2021-01-04,Other,6,50,12
2021-01-04,Unassigned,1,50,2
2021-01-11,B.1,9,49,18.367346938775512
2021-01-11,B.1.1,2,49,4.081632653061225
2021-01-11,B.1.1.348,8,49,16.3265306122449
2021-01-11,B.1.111,13,49,26.53061224489796
2021-01-11,B.1.420,4,49,8.16326530612245
2021-01-11,Gamma,1,49,2.0408163265306123
2021-01-11,Mu,2,49,4.081632653061225
2021-01-11,Omicron (BA.1),2,49,4.081632653061225
2021-01-11,Other,5,49,10.204081632653061
2021-01-11,Unassigned,3,49,6.122448979591836
2021-01-18,B.1,9,37,24.324324324324326
2021-01-18,B.1.1,1,37,2.7027027027027026
2021-01-18,B.1.1.348,7,37,18.91891891891892
2021-01-18,B.1.111,5,37,13.513513513513514
2021-01-18,B.1.420,2,37,5.405405405405405
2021-01-18,Gamma,9,37,24.324324324324326
2021-01-18,Other,1,37,2.7027027027027026
2021-01-18,Unassigned,3,37,8.108108108108109
2021-01-25,B.1,2,21,9.523809523809524
2021-01-25,B.1.1.348,6,21,28.57142857142857
2021-01-25,B.1.111,3,21,14.285714285714285
2021-01-25,B.1.625,1,21,4.761904761904762
2021-01-25,Gamma,4,21,19.047619047619047
2021-01-25,Omicron (BA.1),3,21,14.285714285714285
2021-01-25,Unassigned,2,21,9.523809523809524
2021-02-01,B.1,1,11,9.090909090909092
2021-02-01,B.1.1,1,11,9.090909090909092
2021-02-01,B.1.1.348,1,11,9.090909090909092
2021-02-01,B.1.111,1,11,9.090909090909092
2021-02-01,Gamma,5,11,45.45454545454545
2021-02-01,Other,2,11,18.181818181818183
2021-02-08,B.1,2,12,16.666666666666664
2021-02-08,B.1.1.348,4,12,33.33333333333333
2021-02-08,B.1.111,2,12,16.666666666666664
2021-02-08,Gamma,2,12,16.666666666666664
2021-02-08,Other,2,12,16.666666666666664
2021-02-15,B.1.1.348,1,14,7.142857142857142
2021-02-15,B.1.1.7,2,14,14.285714285714285
2021-02-15,B.1.625,2,14,14.285714285714285
2021-02-15,Delta,1,14,7.142857142857142
2021-02-15,Gamma,5,14,35.714285714285715
2021-02-15,Mu,1,14,7.142857142857142
2021-02-15,Omicron (BA.1),1,14,7.142857142857142
2021-02-15,Other,1,14,7.142857142857142
2021-02-22,B.1,3,22,13.636363636363635
2021-02-22,B.1.1.348,4,22,18.181818181818183
2021-02-22,B.1.1.7,1,22,4.545454545454546
2021-02-22,B.1.111,4,22,18.181818181818183
2021-02-22,B.1.625,3,22,13.636363636363635
2021-02-22,Mu,6,22,27.27272727272727
2021-02-22,Unassigned,1,22,4.545454545454546
2021-03-01,B.1,8,51,15.686274509803921
2021-03-01,B.1.1,2,51,3.9215686274509802
2021-03-01,B.1.1.348,10,51,19.607843137254903
2021-03-01,B.1.1.7,1,51,1.9607843137254901
2021-03-01,B.1.111,2,51,3.9215686274509802
2021-03-01,B.1.420,1,51,1.9607843137254901
2021-03-01,B.1.625,7,51,13.725490196078432
2021-03-01,Gamma,5,51,9.803921568627452
2021-03-01,Mu,11,51,21.568627450980394
2021-03-01,Other,2,51,3.9215686274509802
2021-03-01,Unassigned,2,51,3.9215686274509802
2021-03-08,B.1,5,49,10.204081632653061
2021-03-08,B.1.1.348,4,49,8.16326530612245
2021-03-08,B.1.1.7,1,49,2.0408163265306123
2021-03-08,B.1.111,1,49,2.0408163265306123
2021-03-08,B.1.625,4,49,8.16326530612245
2021-03-08,Delta,1,49,2.0408163265306123
2021-03-08,Delta (AY.125),2,49,4.081632653061225
2021-03-08,Gamma,9,49,18.367346938775512
2021-03-08,Mu,14,49,28.57142857142857
2021-03-08,Other,2,49,4.081632653061225
2021-03-08,Unassigned,6,49,12.244897959183673
2021-03-15,B.1,1,37,2.7027027027027026
2021-03-15,B.1.1,1,37,2.7027027027027026
2021-03-15,B.1.1.348,3,37,8.108108108108109
2021-03-15,B.1.1.7,2,37,5.405405405405405
2021-03-15,B.1.111,1,37,2.7027027027027026
2021-03-15,B.1.625,10,37,27.027027027027028
2021-03-15,Gamma,10,37,27.027027027027028
2021-03-15,Mu,7,37,18.91891891891892
2021-03-15,Other,2,37,5.405405405405405
2021-03-22,B.1,6,64,9.375
2021-03-22,B.1.1.348,7,64,10.9375
2021-03-22,B.1.1.7,9,64,14.0625
2021-03-22,B.1.625,12,64,18.75
2021-03-22,Gamma,9,64,14.0625
2021-03-22,Mu,17,64,26.5625
2021-03-22,Other,2,64,3.125
2021-03-22,Unassigned,2,64,3.125
2021-03-29,B.1.1,2,100,2
2021-03-29,B.1.1.348,6,100,6
2021-03-29,B.1.1.7,8,100,8
2021-03-29,B.1.111,2,100,2
2021-03-29,B.1.625,5,100,5
2021-03-29,Gamma,19,100,19
2021-03-29,Lambda,5,100,5
2021-03-29,Mu,42,100,42
2021-03-29,Other,7,100,7.000000000000001
2021-03-29,Unassigned,4,100,4
2021-04-05,B.1,8,484,1.6528925619834711
2021-04-05,B.1.1,3,484,0.6198347107438017
2021-04-05,B.1.1.348,31,484,6.40495867768595
2021-04-05,B.1.1.7,39,484,8.057851239669422
2021-04-05,B.1.111,6,484,1.2396694214876034
2021-04-05,B.1.625,59,484,12.190082644628099
2021-04-05,Gamma,118,484,24.380165289256198
2021-04-05,Lambda,10,484,2.066115702479339
2021-04-05,Mu,186,484,38.429752066115704
2021-04-05,Other,17,484,3.512396694214876
2021-04-05,Unassigned,7,484,1.4462809917355373
2021-04-12,B.1,5,332,1.5060240963855422
2021-04-12,B.1.1.348,7,332,2.108433734939759
2021-04-12,B.1.1.7,44,332,13.253012048192772
2021-04-12,B.1.111,2,332,0.6024096385542169
2021-04-12,B.1.625,35,332,10.542168674698797
2021-04-12,Gamma,104,332,31.32530120481928
2021-04-12,Lambda,7,332,2.108433734939759
2021-04-12,Mu,103,332,31.024096385542173
2021-04-12,Other,15,332,4.518072289156627
2021-04-12,Unassigned,10,332,3.0120481927710845
2021-04-19,B.1,6,222,2.7027027027027026
2021-04-19,B.1.1,2,222,0.9009009009009009
2021-04-19,B.1.1.348,2,222,0.9009009009009009
2021-04-19,B.1.1.7,11,222,4.954954954954955
2021-04-19,B.1.111,1,222,0.45045045045045046
2021-04-19,B.1.625,23,222,10.36036036036036
2021-04-19,Gamma,51,222,22.972972972972975
2021-04-19,Lambda,15,222,6.756756756756757
2021-04-19,Mu,99,222,44.5945945945946
2021-04-19,Other,10,222,4.504504504504505
2021-04-19,Unassigned,2,222,0.9009009009009009
2021-04-26,B.1,7,213,3.286384976525822
2021-04-26,B.1.1,1,213,0.4694835680751174
2021-04-26,B.1.1.348,6,213,2.8169014084507045
2021-04-26,B.1.1.7,6,213,2.8169014084507045
2021-04-26,B.1.111,2,213,0.9389671361502347
2021-04-26,B.1.625,23,213,10.7981220657277
2021-04-26,Gamma,53,213,24.88262910798122
2021-04-26,Lambda,9,213,4.225352112676056
2021-04-26,Mu,86,213,40.375586854460096
2021-04-26,Other,11,213,5.164319248826291
2021-04-26,Unassigned,9,213,4.225352112676056
2021-05-03,B.1,3,192,1.5625
2021-05-03,B.1.1,1,192,0.5208333333333333
2021-05-03,B.1.1.7,7,192,3.6458333333333335
2021-05-03,B.1.111,1,192,0.5208333333333333
2021-05-03,B.1.625,20,192,10.416666666666668
2021-05-03,Gamma,41,192,21.354166666666664
2021-05-03,Lambda,9,192,4.6875
2021-05-03,Mu,88,192,45.83333333333333
2021-05-03,Other,16,192,8.333333333333332
2021-05-03,Unassigned,6,192,3.125
2021-05-10,B.1,8,178,4.49438202247191
2021-05-10,B.1.1.348,2,178,1.1235955056179776
2021-05-10,B.1.1.7,2,178,1.1235955056179776
2021-05-10,B.1.420,1,178,0.5617977528089888
2021-05-10,B.1.625,16,178,8.98876404494382
2021-05-10,Delta (AY.25.1),1,178,0.5617977528089888
2021-05-10,Gamma,44,178,24.719101123595504
2021-05-10,Lambda,10,178,5.617977528089887
2021-05-10,Mu,87,178,48.87640449438202
2021-05-10,Other,6,178,3.3707865168539324
2021-05-10,Unassigned,1,178,0.5617977528089888
2021-05-17,B.1,4,135,2.9629629629629632
2021-05-17,B.1.1.348,2,135,1.4814814814814816
2021-05-17,B.1.1.7,3,135,2.2222222222222223
2021-05-17,B.1.625,8,135,5.9259259259259265
2021-05-17,Delta,1,135,0.7407407407407408
2021-05-17,Gamma,36,135,26.666666666666668
2021-05-17,Lambda,4,135,2.9629629629629632
2021-05-17,Mu,73,135,54.074074074074076
2021-05-17,Other,2,135,1.4814814814814816
2021-05-17,Unassigned,2,135,1.4814814814814816
2021-05-24,B.1,4,88,4.545454545454546
2021-05-24,B.1.1,1,88,1.1363636363636365
2021-05-24,B.1.1.7,2,88,2.272727272727273
2021-05-24,B.1.625,1,88,1.1363636363636365
2021-05-24,Gamma,20,88,22.727272727272727
2021-05-24,Lambda,6,88,6.8181818181818175
2021-05-24,Mu,49,88,55.68181818181818
2021-05-24,Other,4,88,4.545454545454546
2021-05-24,Unassigned,1,88,1.1363636363636365
2021-05-31,B.1,4,131,3.0534351145038165
2021-05-31,B.1.1,2,131,1.5267175572519083
2021-05-31,B.1.625,4,131,3.0534351145038165
2021-05-31,Delta,1,131,0.7633587786259541
2021-05-31,Gamma,16,131,12.213740458015266
2021-05-31,Lambda,3,131,2.2900763358778624
2021-05-31,Mu,91,131,69.46564885496184
2021-05-31,Other,7,131,5.343511450381679
2021-05-31,Unassigned,3,131,2.2900763358778624
2021-06-07,B.1,3,167,1.7964071856287425
2021-06-07,B.1.1,1,167,0.5988023952095809
2021-06-07,B.1.111,1,167,0.5988023952095809
2021-06-07,B.1.625,7,167,4.191616766467066
2021-06-07,Delta (AY.25.1),1,167,0.5988023952095809
2021-06-07,Gamma,17,167,10.179640718562874
2021-06-07,Lambda,6,167,3.592814371257485
2021-06-07,Mu,120,167,71.8562874251497
2021-06-07,Other,7,167,4.191616766467066
2021-06-07,Unassigned,4,167,2.3952095808383236
2021-06-14,B.1,3,116,2.586206896551724
2021-06-14,B.1.625,1,116,0.8620689655172413
2021-06-14,Gamma,16,116,13.793103448275861
2021-06-14,Lambda,2,116,1.7241379310344827
2021-06-14,Mu,91,116,78.44827586206897
2021-06-14,Omicron (BA.1),1,116,0.8620689655172413
2021-06-14,Unassigned,2,116,1.7241379310344827
2021-06-21,AY.20,2,121,1.6528925619834711
2021-06-21,B.1,2,121,1.6528925619834711
2021-06-21,B.1.625,2,121,1.6528925619834711
2021-06-21,Delta,1,121,0.8264462809917356
2021-06-21,Delta (AY.25.1),1,121,0.8264462809917356
2021-06-21,Gamma,19,121,15.702479338842975
2021-06-21,Lambda,6,121,4.958677685950414
2021-06-21,Mu,85,121,70.24793388429752
2021-06-21,Other,1,121,0.8264462809917356
2021-06-21,Unassigned,2,121,1.6528925619834711
2021-06-28,B.1,1,250,0.4
2021-06-28,B.1.625,1,250,0.4
2021-06-28,Delta,1,250,0.4
2021-06-28,Gamma,21,250,8.4
2021-06-28,Lambda,9,250,3.5999999999999996
2021-06-28,Mu,206,250,82.39999999999999
2021-06-28,Omicron (BA.1),1,250,0.4
2021-06-28,Other,8,250,3.2
2021-06-28,Unassigned,2,250,0.8
2021-07-05,AY.20,2,238,0.8403361344537815
2021-07-05,B.1,5,238,2.100840336134454
2021-07-05,B.1.1.7,1,238,0.42016806722689076
2021-07-05,B.1.625,4,238,1.680672268907563
2021-07-05,Delta,1,238,0.42016806722689076
2021-07-05,Delta (AY.25.1),2,238,0.8403361344537815
2021-07-05,Gamma,15,238,6.302521008403361
2021-07-05,Lambda,2,238,0.8403361344537815
2021-07-05,Mu,198,238,83.19327731092437
2021-07-05,Other,8,238,3.361344537815126
2021-07-12,AY.20,1,541,0.18484288354898337
2021-07-12,B.1,31,541,5.730129390018484
2021-07-12,B.1.1.348,1,541,0.18484288354898337
2021-07-12,B.1.625,4,541,0.7393715341959335
2021-07-12,Delta,7,541,1.2939001848428837
2021-07-12,Delta (AY.122),1,541,0.18484288354898337
2021-07-12,Delta (AY.25.1),9,541,1.6635859519408502
2021-07-12,Gamma,39,541,7.208872458410351
2021-07-12,Lambda,9,541,1.6635859519408502
2021-07-12,Mu,390,541,72.08872458410352
2021-07-12,Other,36,541,6.654343807763401
2021-07-12,Unassigned,13,541,2.4029574861367835
2021-07-19,AY.20,3,461,0.6507592190889371
2021-07-19,B.1,17,461,3.68763557483731
2021-07-19,B.1.1,1,461,0.21691973969631237
2021-07-19,B.1.625,5,461,1.0845986984815619
2021-07-19,Delta,6,461,1.3015184381778742
2021-07-19,Delta (AY.122),2,461,0.43383947939262474
2021-07-19,Delta (AY.25.1),11,461,2.386117136659436
2021-07-19,Gamma,24,461,5.206073752711497
2021-07-19,Lambda,6,461,1.3015184381778742
2021-07-19,Mu,356,461,77.22342733188721
2021-07-19,Other,22,461,4.772234273318872
2021-07-19,Unassigned,8,461,1.735357917570499
2021-07-26,AY.20,3,420,0.7142857142857143
2021-07-26,B.1,13,420,3.0952380952380953
2021-07-26,B.1.1.7,1,420,0.2380952380952381
2021-07-26,B.1.625,3,420,0.7142857142857143
2021-07-26,Delta,7,420,1.6666666666666667
2021-07-26,Delta (AY.122),2,420,0.4761904761904762
2021-07-26,Delta (AY.25.1),9,420,2.142857142857143
2021-07-26,Gamma,20,420,4.761904761904762
2021-07-26,Lambda,7,420,1.6666666666666667
2021-07-26,Mu,320,420,76.19047619047619
2021-07-26,Omicron (BA.1),1,420,0.2380952380952381
2021-07-26,Other,20,420,4.761904761904762
2021-07-26,Unassigned,14,420,3.3333333333333335
2021-08-02,AY.20,9,634,1.4195583596214512
2021-08-02,B.1,5,634,0.7886435331230284
2021-08-02,B.1.1.7,1,634,0.15772870662460567
2021-08-02,B.1.625,5,634,0.7886435331230284
2021-08-02,Delta,22,634,3.4700315457413247
2021-08-02,Delta (AY.122),2,634,0.31545741324921134
2021-08-02,Delta (AY.125),2,634,0.31545741324921134
2021-08-02,Delta (AY.25.1),24,634,3.7854889589905363
2021-08-02,Gamma,28,634,4.416403785488959
2021-08-02,Lambda,7,634,1.1041009463722398
2021-08-02,Mu,470,634,74.13249211356468
2021-08-02,Other,45,634,7.097791798107256
2021-08-02,Unassigned,14,634,2.2082018927444795
2021-08-09,AY.20,13,362,3.591160220994475
2021-08-09,B.1,3,362,0.8287292817679558
2021-08-09,B.1.1.7,1,362,0.2762430939226519
2021-08-09,Delta,17,362,4.696132596685083
2021-08-09,Delta (AY.122),1,362,0.2762430939226519
2021-08-09,Delta (AY.125),1,362,0.2762430939226519
2021-08-09,Delta (AY.25.1),29,362,8.011049723756907
2021-08-09,Gamma,14,362,3.867403314917127
2021-08-09,Lambda,6,362,1.6574585635359116
2021-08-09,Mu,247,362,68.23204419889503
2021-08-09,Other,25,362,6.906077348066299
2021-08-09,Unassigned,5,362,1.3812154696132597
2021-08-16,AY.20,7,423,1.6548463356973995
2021-08-16,B.1,6,423,1.4184397163120568
2021-08-16,B.1.1.7,2,423,0.4728132387706856
2021-08-16,B.1.625,1,423,0.2364066193853428
2021-08-16,Delta,14,423,3.309692671394799
2021-08-16,Delta (AY.122),3,423,0.7092198581560284
2021-08-16,Delta (AY.125),2,423,0.4728132387706856
2021-08-16,Delta (AY.25.1),70,423,16.548463356973993
2021-08-16,Gamma,5,423,1.1820330969267139
2021-08-16,Lambda,3,423,0.7092198581560284
2021-08-16,Mu,240,423,56.73758865248227
2021-08-16,Other,65,423,15.36643026004728
2021-08-16,Unassigned,5,423,1.1820330969267139
2021-08-23,AY.20,11,366,3.0054644808743167
2021-08-23,B.1,2,366,0.546448087431694
2021-08-23,B.1.111,1,366,0.273224043715847
2021-08-23,Delta,21,366,5.737704918032787
2021-08-23,Delta (AY.122),3,366,0.819672131147541
2021-08-23,Delta (AY.125),10,366,2.73224043715847
2021-08-23,Delta (AY.25.1),59,366,16.120218579234972
2021-08-23,Gamma,6,366,1.639344262295082
2021-08-23,Lambda,2,366,0.546448087431694
2021-08-23,Mu,190,366,51.91256830601093
2021-08-23,Other,49,366,13.387978142076504
2021-08-23,Unassigned,12,366,3.278688524590164
2021-08-30,AY.20,4,206,1.9417475728155338
2021-08-30,B.1,3,206,1.4563106796116505
2021-08-30,B.1.1,1,206,0.48543689320388345
2021-08-30,Delta,21,206,10.194174757281553
2021-08-30,Delta (AY.122),3,206,1.4563106796116505
2021-08-30,Delta (AY.125),5,206,2.4271844660194173
2021-08-30,Delta (AY.25.1),29,206,14.077669902912621
2021-08-30,Gamma,1,206,0.48543689320388345
2021-08-30,Lambda,1,206,0.48543689320388345
2021-08-30,Mu,96,206,46.601941747572816
2021-08-30,Other,38,206,18.446601941747574
2021-08-30,Unassigned,4,206,1.9417475728155338
2021-09-06,AY.20,6,200,3
2021-09-06,B.1,5,200,2.5
2021-09-06,Delta,26,200,13
2021-09-06,Delta (AY.122),3,200,1.5
2021-09-06,Delta (AY.125),12,200,6
2021-09-06,Delta (AY.25.1),38,200,19
2021-09-06,Gamma,3,200,1.5
2021-09-06,Mu,64,200,32
2021-09-06,Other,41,200,20.5
2021-09-06,Unassigned,2,200,1
2021-09-13,AY.20,11,349,3.151862464183381
2021-09-13,Delta,39,349,11.174785100286533
2021-09-13,Delta (AY.122),18,349,5.157593123209169
2021-09-13,Delta (AY.125),17,349,4.871060171919771
2021-09-13,Delta (AY.25.1),46,349,13.18051575931232
2021-09-13,Gamma,5,349,1.4326647564469914
2021-09-13,Lambda,1,349,0.28653295128939826
2021-09-13,Mu,128,349,36.67621776504298
2021-09-13,Other,77,349,22.063037249283667
2021-09-13,Unassigned,7,349,2.005730659025788
2021-09-20,AY.20,42,562,7.473309608540925
2021-09-20,B.1,4,562,0.7117437722419928
2021-09-20,Delta,63,562,11.209964412811388
2021-09-20,Delta (AY.122),18,562,3.202846975088968
2021-09-20,Delta (AY.125),90,562,16.014234875444842
2021-09-20,Delta (AY.25.1),86,562,15.302491103202847
2021-09-20,Gamma,3,562,0.5338078291814947
2021-09-20,Mu,144,562,25.622775800711743
2021-09-20,Other,92,562,16.370106761565836
2021-09-20,Unassigned,20,562,3.558718861209965
2021-09-27,AY.20,40,525,7.6190476190476195
2021-09-27,B.1,7,525,1.3333333333333335
2021-09-27,B.1.1.7,1,525,0.19047619047619047
2021-09-27,Delta,84,525,16
2021-09-27,Delta (AY.122),39,525,7.428571428571429
2021-09-27,Delta (AY.125),59,525,11.238095238095239
2021-09-27,Delta (AY.25.1),80,525,15.238095238095239
2021-09-27,Gamma,1,525,0.19047619047619047
2021-09-27,Mu,104,525,19.80952380952381
2021-09-27,Other,107,525,20.38095238095238
2021-09-27,Unassigned,3,525,0.5714285714285714
2021-10-04,AY.20,52,477,10.90146750524109
2021-10-04,B.1,5,477,1.0482180293501049
2021-10-04,Delta,89,477,18.658280922431867
2021-10-04,Delta (AY.122),34,477,7.127882599580712
2021-10-04,Delta (AY.125),25,477,5.2410901467505235
2021-10-04,Delta (AY.25.1),121,477,25.366876310272534
2021-10-04,Gamma,1,477,0.20964360587002098
2021-10-04,Mu,58,477,12.159329140461216
2021-10-04,Other,88,477,18.448637316561843
2021-10-04,Unassigned,4,477,0.8385744234800839
2021-10-11,AY.20,37,404,9.158415841584159
2021-10-11,B.1,3,404,0.7425742574257426
2021-10-11,Delta,73,404,18.06930693069307
2021-10-11,Delta (AY.122),28,404,6.9306930693069315
2021-10-11,Delta (AY.125),31,404,7.673267326732673
2021-10-11,Delta (AY.25.1),113,404,27.970297029702973
2021-10-11,Gamma,2,404,0.49504950495049505
2021-10-11,Mu,38,404,9.405940594059405
2021-10-11,Other,78,404,19.306930693069308
2021-10-11,Unassigned,1,404,0.24752475247524752
2021-10-18,AY.20,22,388,5.670103092783505
2021-10-18,B.1,4,388,1.0309278350515463
2021-10-18,Delta,72,388,18.556701030927837
2021-10-18,Delta (AY.122),37,388,9.536082474226804
2021-10-18,Delta (AY.125),34,388,8.762886597938143
2021-10-18,Delta (AY.25.1),107,388,27.577319587628867
2021-10-18,Mu,43,388,11.082474226804123
2021-10-18,Other,68,388,17.525773195876287
2021-10-18,Unassigned,1,388,0.25773195876288657
2021-10-25,AY.20,43,369,11.653116531165312
2021-10-25,B.1,1,369,0.27100271002710025
2021-10-25,Delta,55,369,14.905149051490515
2021-10-25,Delta (AY.122),44,369,11.924119241192411
2021-10-25,Delta (AY.125),25,369,6.775067750677506
2021-10-25,Delta (AY.25.1),103,369,27.91327913279133
2021-10-25,Mu,28,369,7.588075880758807
2021-10-25,Omicron (BA.1),1,369,0.27100271002710025
2021-10-25,Other,67,369,18.157181571815716
2021-10-25,Unassigned,2,369,0.5420054200542005
2021-11-01,AY.20,31,424,7.311320754716981
2021-11-01,B.1.625,1,424,0.2358490566037736
2021-11-01,Delta,58,424,13.679245283018867
2021-11-01,Delta (AY.122),57,424,13.443396226415095
2021-11-01,Delta (AY.125),37,424,8.726415094339622
2021-11-01,Delta (AY.25.1),132,424,31.132075471698112
2021-11-01,Mu,24,424,5.660377358490567
2021-11-01,Other,80,424,18.867924528301888
2021-11-01,Unassigned,4,424,0.9433962264150944
2021-11-08,AY.20,29,356,8.146067415730338
2021-11-08,B.1,1,356,0.2808988764044944
2021-11-08,Delta,48,356,13.48314606741573
2021-11-08,Delta (AY.122),47,356,13.202247191011235
2021-11-08,Delta (AY.125),42,356,11.797752808988763
2021-11-08,Delta (AY.25.1),107,356,30.0561797752809
2021-11-08,Mu,17,356,4.775280898876404
2021-11-08,Other,65,356,18.258426966292134
2021-11-15,AY.20,19,319,5.956112852664576
2021-11-15,Delta,60,319,18.808777429467085
2021-11-15,Delta (AY.122),39,319,12.225705329153605
2021-11-15,Delta (AY.125),39,319,12.225705329153605
2021-11-15,Delta (AY.25.1),88,319,27.586206896551722
2021-11-15,Mu,14,319,4.38871473354232
2021-11-15,Other,60,319,18.808777429467085
2021-11-22,AY.20,21,298,7.046979865771812
2021-11-22,Delta,61,298,20.469798657718123
2021-11-22,Delta (AY.122),38,298,12.751677852348994
2021-11-22,Delta (AY.125),32,298,10.738255033557047
2021-11-22,Delta (AY.25.1),62,298,20.80536912751678
2021-11-22,Mu,7,298,2.348993288590604
2021-11-22,Omicron (BA.1),1,298,0.33557046979865773
2021-11-22,Other,74,298,24.832214765100673
2021-11-22,Unassigned,2,298,0.6711409395973155
2021-11-29,AY.20,36,322,11.180124223602485
2021-11-29,B.1.1,1,322,0.3105590062111801
2021-11-29,B.1.625,1,322,0.3105590062111801
2021-11-29,Delta,51,322,15.838509316770185
2021-11-29,Delta (AY.122),35,322,10.869565217391305
2021-11-29,Delta (AY.125),37,322,11.490683229813664
2021-11-29,Delta (AY.25.1),71,322,22.049689440993788
2021-11-29,Gamma,1,322,0.3105590062111801
2021-11-29,Mu,6,322,1.8633540372670807
2021-11-29,Other,77,322,23.91304347826087
2021-11-29,Unassigned,6,322,1.8633540372670807
2021-12-06,AY.20,16,245,6.530612244897959
2021-12-06,B.1,3,245,1.2244897959183674
2021-12-06,Delta,26,245,10.612244897959183
2021-12-06,Delta (AY.122),19,245,7.755102040816326
2021-12-06,Delta (AY.125),56,245,22.857142857142858
2021-12-06,Delta (AY.25.1),54,245,22.040816326530614
2021-12-06,Mu,8,245,3.2653061224489797
2021-12-06,Omicron (BA.1),12,245,4.8979591836734695
2021-12-06,Other,47,245,19.183673469387756
2021-12-06,Unassigned,4,245,1.6326530612244898
2021-12-13,AY.20,5,210,2.380952380952381
2021-12-13,B.1,1,210,0.4761904761904762
2021-12-13,B.1.1,2,210,0.9523809523809524
2021-12-13,Delta,36,210,17.142857142857142
2021-12-13,Delta (AY.122),12,210,5.714285714285714
2021-12-13,Delta (AY.125),7,210,3.3333333333333335
2021-12-13,Delta (AY.25.1),30,210,14.285714285714285
2021-12-13,Mu,2,210,0.9523809523809524
2021-12-13,Omicron (BA.1),55,210,26.190476190476193
2021-12-13,Other,52,210,24.761904761904763
2021-12-13,Unassigned,8,210,3.8095238095238098
2021-12-20,AY.20,1,244,0.4098360655737705
2021-12-20,B.1,1,244,0.4098360655737705
2021-12-20,Delta,10,244,4.098360655737705
2021-12-20,Delta (AY.122),7,244,2.8688524590163933
2021-12-20,Delta (AY.125),1,244,0.4098360655737705
2021-12-20,Delta (AY.25.1),12,244,4.918032786885246
2021-12-20,Omicron (BA.1),165,244,67.62295081967213
2021-12-20,Other,34,244,13.934426229508196
2021-12-20,Unassigned,13,244,5.327868852459016
2021-12-27,AY.20,3,641,0.46801872074883
2021-12-27,B.1,1,641,0.15600624024961
2021-12-27,B.1.1,2,641,0.31201248049922
2021-12-27,Delta,11,641,1.71606864274571
2021-12-27,Delta (AY.122),3,641,0.46801872074883
2021-12-27,Delta (AY.125),2,641,0.31201248049922
2021-12-27,Delta (AY.25.1),17,641,2.65210608424337
2021-12-27,Omicron (BA.1),486,641,75.81903276131045
2021-12-27,Omicron (BA.2),13,641,2.02808112324493
2021-12-27,Omicron (BA.4),1,641,0.15600624024961
2021-12-27,Other,71,641,11.076443057722308
2021-12-27,Unassigned,31,641,4.83619344773791
2022-01-03,B.1.1,1,1472,0.06793478260869565
2022-01-03,Delta,5,1472,0.33967391304347827
2022-01-03,Delta (AY.122),5,1472,0.33967391304347827
2022-01-03,Delta (AY.125),1,1472,0.06793478260869565
2022-01-03,Delta (AY.25.1),16,1472,1.0869565217391304
2022-01-03,Omicron (BA.1),1253,1472,85.12228260869566
2022-01-03,Omicron (BA.2),3,1472,0.20380434782608695
2022-01-03,Other,98,1472,6.657608695652175
2022-01-03,Unassigned,90,1472,6.114130434782608
2022-01-10,B.1,1,899,0.11123470522803114
2022-01-10,B.1.1,10,899,1.1123470522803114
2022-01-10,Delta,4,899,0.44493882091212456
2022-01-10,Delta (AY.122),4,899,0.44493882091212456
2022-01-10,Delta (AY.125),1,899,0.11123470522803114
2022-01-10,Delta (AY.25.1),24,899,2.6696329254727478
2022-01-10,Mu,1,899,0.11123470522803114
2022-01-10,Omicron (BA.1),723,899,80.42269187986652
2022-01-10,Other,46,899,5.116796440489433
2022-01-10,Unassigned,85,899,9.454949944382648
2022-01-17,B.1.1,1,499,0.2004008016032064
2022-01-17,Delta,3,499,0.6012024048096193
2022-01-17,Delta (AY.125),2,499,0.4008016032064128
2022-01-17,Delta (AY.25.1),5,499,1.002004008016032
2022-01-17,Omicron (BA.1),384,499,76.95390781563127
2022-01-17,Omicron (BA.2),1,499,0.2004008016032064
2022-01-17,Other,28,499,5.61122244488978
2022-01-17,Unassigned,75,499,15.030060120240481
2022-01-24,Delta (AY.125),1,311,0.3215434083601286
2022-01-24,Mu,1,311,0.3215434083601286
2022-01-24,Omicron (BA.1),261,311,83.92282958199357
2022-01-24,Omicron (BA.2),1,311,0.3215434083601286
2022-01-24,Other,19,311,6.109324758842444
2022-01-24,Unassigned,28,311,9.003215434083602
2022-01-31,Delta (AY.122),1,343,0.2915451895043732
2022-01-31,Omicron (BA.1),290,343,84.54810495626822
2022-01-31,Omicron (BA.2),2,343,0.5830903790087464
2022-01-31,Other,16,343,4.664723032069971
2022-01-31,Unassigned,34,343,9.912536443148689
2022-02-07,Omicron (BA.1),126,135,93.33333333333333
2022-02-07,Omicron (BA.2),3,135,2.2222222222222223
2022-02-07,Other,4,135,2.9629629629629632
2022-02-07,Unassigned,2,135,1.4814814814814816
2022-02-14,Omicron (BA.1),138,154,89.6103896103896
2022-02-14,Omicron (BA.2),1,154,0.6493506493506493
2022-02-14,Other,6,154,3.896103896103896
2022-02-14,Unassigned,9,154,5.844155844155844
2022-02-21,Omicron,2,111,1.8018018018018018
2022-02-21,Omicron (BA.1),94,111,84.68468468468468
2022-02-21,Omicron (BA.2),4,111,3.6036036036036037
2022-02-21,Omicron (BA.4),1,111,0.9009009009009009
2022-02-21,Other,8,111,7.207207207207207
2022-02-21,Unassigned,2,111,1.8018018018018018
2022-02-28,Omicron (BA.1),80,90,88.88888888888889
2022-02-28,Omicron (BA.2),3,90,3.3333333333333335
2022-02-28,Other,3,90,3.3333333333333335
2022-02-28,Unassigned,4,90,4.444444444444445
2022-03-07,Delta,1,87,1.1494252873563218
2022-03-07,Omicron (BA.1),51,87,58.620689655172406
2022-03-07,Omicron (BA.2),16,87,18.39080459770115
2022-03-07,Other,7,87,8.045977011494253
2022-03-07,Unassigned,12,87,13.793103448275861
2022-03-14,Omicron (BA.1),54,88,61.36363636363637
2022-03-14,Omicron (BA.2),22,88,25
2022-03-14,Other,6,88,6.8181818181818175
2022-03-14,Unassigned,6,88,6.8181818181818175
2022-03-21,Omicron,1,51,1.9607843137254901
2022-03-21,Omicron (BA.1),29,51,56.86274509803921
2022-03-21,Omicron (BA.2),19,51,37.254901960784316
2022-03-21,Other,2,51,3.9215686274509802
2022-03-28,BA.3,1,124,0.8064516129032258
2022-03-28,Omicron (BA.1),43,124,34.67741935483871
2022-03-28,Omicron (BA.2),61,124,49.193548387096776
2022-03-28,Other,12,124,9.67741935483871
2022-03-28,Unassigned,7,124,5.64516129032258
2022-04-04,Omicron (BA.1),38,154,24.675324675324674
2022-04-04,Omicron (BA.2),76,154,49.35064935064935
2022-04-04,Other,22,154,14.285714285714285
2022-04-04,Unassigned,18,154,11.688311688311687
2022-04-11,Omicron (BA.1),14,81,17.28395061728395
2022-04-11,Omicron (BA.2),48,81,59.25925925925925
2022-04-11,Omicron (BA.4),1,81,1.2345679012345678
2022-04-11,Other,15,81,18.51851851851852
2022-04-11,Unassigned,3,81,3.7037037037037033
2022-04-18,BA.3,1,125,0.8
2022-04-18,Omicron (BA.1),12,125,9.6
2022-04-18,Omicron (BA.2),85,125,68
2022-04-18,Other,19,125,15.2
2022-04-18,Unassigned,8,125,6.4
2022-04-25,B.1.1,1,110,0.9090909090909091
2022-04-25,Omicron (BA.1),3,110,2.727272727272727
2022-04-25,Omicron (BA.2),77,110,70
2022-04-25,Other,22,110,20
2022-04-25,Unassigned,7,110,6.363636363636363
2022-05-02,Omicron,2,240,0.8333333333333334
2022-05-02,Omicron (BA.1),1,240,0.4166666666666667
2022-05-02,Omicron (BA.2),168,240,70
2022-05-02,Omicron (BA.4),3,240,1.25
2022-05-02,Other,57,240,23.75
2022-05-02,Unassigned,9,240,3.75
2022-05-09,Omicron (BA.1),4,192,2.083333333333333
2022-05-09,Omicron (BA.2),126,192,65.625
2022-05-09,Omicron (BA.4),4,192,2.083333333333333
2022-05-09,Other,53,192,27.604166666666668
2022-05-09,Unassigned,5,192,2.604166666666667
2022-05-16,B.1.1,1,232,0.43103448275862066
2022-05-16,Omicron (BA.2),143,232,61.63793103448276
2022-05-16,Omicron (BA.4),8,232,3.4482758620689653
2022-05-16,Other,58,232,25
2022-05-16,Unassigned,22,232,9.482758620689655
2022-05-23,Omicron (BA.2),132,225,58.666666666666664
2022-05-23,Omicron (BA.4),22,225,9.777777777777779
2022-05-23,Other,45,225,20
2022-05-23,Unassigned,26,225,11.555555555555555
2022-05-30,Omicron,1,471,0.21231422505307856
2022-05-30,Omicron (BA.1),1,471,0.21231422505307856
2022-05-30,Omicron (BA.2),275,471,58.3864118895966
2022-05-30,Omicron (BA.4),55,471,11.67728237791932
2022-05-30,Omicron (BA.5),1,471,0.21231422505307856
2022-05-30,Other,78,471,16.560509554140125
2022-05-30,Unassigned,60,471,12.738853503184714
2022-06-06,BA.3,1,527,0.18975332068311196
2022-06-06,Omicron,1,527,0.18975332068311196
2022-06-06,Omicron (BA.1),2,527,0.3795066413662239
2022-06-06,Omicron (BA.2),246,527,46.67931688804554
2022-06-06,Omicron (BA.4),101,527,19.165085388994306
2022-06-06,Omicron (BA.5),2,527,0.3795066413662239
2022-06-06,Other,98,527,18.59582542694497
2022-06-06,Unassigned,76,527,14.421252371916509
2022-06-13,B.1.1,1,614,0.16286644951140067
2022-06-13,BA.3,1,614,0.16286644951140067
2022-06-13,Omicron,1,614,0.16286644951140067
2022-06-13,Omicron (BA.1),1,614,0.16286644951140067
2022-06-13,Omicron (BA.2),238,614,38.762214983713356
2022-06-13,Omicron (BA.4),181,614,29.47882736156352
2022-06-13,Omicron (BA.5),1,614,0.16286644951140067
2022-06-13,Other,104,614,16.938110749185668
2022-06-13,Unassigned,86,614,14.006514657980457
2022-06-20,Omicron (BA.2),106,243,43.62139917695473
2022-06-20,Omicron (BA.4),76,243,31.275720164609055
2022-06-20,Omicron (BA.5),1,243,0.411522633744856
2022-06-20,Other,46,243,18.930041152263374
2022-06-20,Unassigned,14,243,5.761316872427984
2022-06-27,Omicron (BA.2),71,254,27.95275590551181
2022-06-27,Omicron (BA.4),102,254,40.15748031496063
2022-06-27,Omicron (BA.5),2,254,0.7874015748031495
2022-06-27,Other,70,254,27.559055118110237
2022-06-27,Unassigned,9,254,3.543307086614173
2022-07-04,Omicron (BA.2),16,128,12.5
2022-07-04,Omicron (BA.4),49,128,38.28125
2022-07-04,Omicron (BA.5),3,128,2.34375
2022-07-04,Other,56,128,43.75
2022-07-04,Unassigned,4,128,3.125
2022-07-11,Omicron (BA.2),21,194,10.824742268041238
2022-07-11,Omicron (BA.4),86,194,44.329896907216494
2022-07-11,Omicron (BA.5),6,194,3.0927835051546393
2022-07-11,Other,79,194,40.72164948453608
2022-07-11,Unassigned,2,194,1.0309278350515463
2022-07-18,Omicron (BA.2),9,115,7.82608695652174
2022-07-18,Omicron (BA.4),39,115,33.91304347826087
2022-07-18,Omicron (BA.5),1,115,0.8695652173913043
2022-07-18,Other,62,115,53.91304347826087
2022-07-18,Unassigned,4,115,3.4782608695652173
2022-07-25,Omicron (BA.2),1,18,5.555555555555555
2022-07-25,Omicron (BA.4),8,18,44.44444444444444
2022-07-25,Other,6,18,33.33333333333333
2022-07-25,Unassigned,3,18,16.666666666666664
2022-08-01,Omicron (BA.2),1,5,20
2022-08-01,Omicron (BA.4),2,5,40
2022-08-01,Other,2,5,40
2022-08-08,Omicron (BA.4),1,1,100
2022-08-15,Unassigned,1,1,100
